rs10506151,rs10784486,rs165763,rs188598,rs1491938,rs1491941,m770,int4,snca,abc
2,1,2,2,1,1,0,0,0,Control
2,2,2,2,1,2,0,0,0,Control
0,0,0,0,0,0,0,0,0,PD+
0,0,0,0,0,0,0,0,0,Control
0,0,0,0,0,0,0,0,0,PD-
2,2,2,2,1,1,0,0,0,PD-
2,1,1,2,1,1,0,0,0,Control
1,2,2,2,2,1,0,0,0,Control
0,0,0,0,0,0,0,0,0,Control
2,2,2,2,2,2,0,0,0,Control
2,2,2,2,2,2,0,0,0,Control
1,2,2,2,2,2,0,0,0,Control
2,1,2,2,1,1,0,0,0,Control
1,2,2,2,2,2,0,0,0,Control
1,2,2,2,2,1,0,0,0,Control
0,0,0,0,0,0,0,0,0,PD+
0,0,0,0,0,0,0,0,0,Control
2,1,2,2,1,1,0,0,0,Control
1,1,2,2,1,1,0,0,0,Control
0,0,0,0,0,0,0,0,0,PD+
0,0,0,0,0,0,0,0,0,PD-
0,0,0,0,0,0,0,0,0,PD-
0,0,0,0,0,0,0,0,0,PD+
1,2,2,2,2,2,0,0,0,Control
0,0,0,0,0,0,0,0,0,PD-
2,2,2,2,1,1,0,0,0,PD-
0,0,0,0,0,0,0,0,0,Control
0,0,0,0,0,0,0,0,0,Control
0,0,0,0,0,0,0,0,0,PD-
1,2,2,2,2,2,0,0,0,PD-
2,1,2,2,1,1,0,0,0,PD+
2,1,1,2,2,2,1,1,1,Control
2,1,2,2,1,1,2,2,1,Control
1,2,2,2,1,1,2,1,2,Control
2,1,1,2,1,2,2,1,2,Control
2,1,2,2,1,1,1,1,2,Control
1,2,2,2,2,2,2,1,1,Control
2,1,1,2,1,1,2,1,2,Control
2,2,2,2,1,1,1,1,1,Control
2,1,2,2,1,1,2,2,1,Control
2,2,2,2,2,2,1,2,1,Control
1,2,2,2,2,2,2,1,1,Control
2,1,2,2,1,2,2,1,1,Control
2,1,1,1,1,1,2,1,1,Control
2,1,1,2,2,1,2,1,2,Control
2,1,1,2,2,1,1,1,2,Control
1,2,2,2,2,1,1,2,1,Control
2,1,1,2,1,2,1,1,1,Control
1,2,2,2,1,1,2,2,2,Control
2,1,2,2,1,1,2,1,1,Control
2,1,1,2,1,2,2,1,1,Control
2,1,2,2,1,2,1,1,1,Control
2,2,2,0,1,1,2,2,1,Control
1,2,2,2,2,1,2,1,1,Control
2,1,2,2,1,2,2,2,2,Control
1,1,2,2,1,2,1,2,1,Control
1,1,2,2,2,2,2,1,1,Control
2,1,1,2,1,1,2,1,1,Control
1,2,2,2,2,2,1,1,2,Control
2,1,1,2,1,1,2,1,2,Control
2,1,1,2,1,1,2,1,1,Control
2,1,1,2,1,1,2,1,1,Control
2,1,1,2,1,1,1,2,2,Control
2,1,1,2,1,2,2,1,2,Control
2,2,2,2,2,2,2,1,1,Control
2,2,2,2,2,1,1,2,2,Control
2,1,1,2,1,1,1,1,1,Control
2,1,1,2,1,2,2,1,1,Control
2,2,2,2,2,2,1,1,1,Control
2,2,2,2,1,2,2,1,2,Control
2,1,1,2,1,1,2,1,2,Control
1,1,2,2,1,1,1,1,2,Control
2,1,2,2,1,2,2,1,2,Control
1,2,2,2,2,1,2,1,2,Control
1,2,2,2,2,2,1,1,1,Control
2,2,2,2,1,1,1,1,1,Control
1,2,2,2,2,2,1,2,1,Control
1,1,2,2,1,2,1,1,1,Control
2,1,1,2,1,1,1,1,2,Control
2,1,2,2,1,1,2,2,2,Control
1,2,2,1,1,1,2,1,1,Control
2,1,2,1,1,1,2,1,2,Control
2,2,1,0,0,1,2,1,0,Control
2,2,2,2,2,2,1,2,1,Control
2,2,2,2,2,2,1,1,2,Control
2,2,2,2,1,1,1,1,1,Control
2,2,2,2,2,2,0,0,1,Control
2,1,2,2,1,1,1,2,1,Control
2,1,1,2,2,2,0,0,2,Control
2,1,1,2,2,2,1,1,2,Control
2,2,2,1,1,1,2,1,1,Control
2,1,2,2,1,1,0,1,1,Control
2,1,2,2,1,1,2,1,2,Control
2,2,2,2,2,2,2,1,2,Control
1,2,2,2,1,1,2,1,2,Control
2,1,2,2,2,2,1,1,2,Control
2,1,1,1,1,1,1,1,2,Control
2,1,1,2,2,2,1,2,1,Control
1,2,2,1,1,1,2,2,1,Control
2,2,2,1,1,1,2,1,2,Control
2,2,2,2,2,1,2,2,1,Control
2,1,2,2,1,1,2,1,1,Control
2,1,2,2,1,1,2,1,2,Control
2,1,1,2,1,1,2,1,2,Control
1,2,2,2,2,2,1,2,1,Control
1,1,1,2,2,2,2,1,1,Control
1,1,2,2,1,2,1,1,1,Control
1,2,2,2,2,2,0,0,1,Control
2,1,1,2,1,1,2,1,2,Control
1,2,2,2,1,1,0,0,1,Control
2,1,2,2,1,1,2,1,1,Control
2,1,2,1,2,1,1,1,2,Control
2,2,2,2,2,1,1,1,2,Control
2,1,1,2,1,2,2,1,1,Control
1,2,2,2,2,2,1,1,1,Control
1,1,2,2,1,2,1,1,1,Control
1,2,2,2,1,1,2,1,1,Control
2,2,2,2,2,2,0,0,1,Control
2,1,1,2,1,2,1,1,1,Control
2,1,2,2,1,1,1,2,2,Control
2,1,2,2,1,1,2,1,2,Control
2,1,1,2,1,1,2,2,1,Control
1,1,2,2,1,2,2,1,1,Control
1,1,1,2,1,1,1,2,2,Control
2,2,2,2,2,2,1,1,2,Control
1,1,2,2,1,1,2,1,1,Control
1,2,2,2,1,2,1,1,2,Control
2,1,1,2,1,2,1,1,2,Control
2,1,2,2,1,1,1,2,1,Control
2,1,2,2,1,1,2,1,2,Control
2,1,2,2,1,2,1,1,2,Control
2,2,2,2,2,2,2,2,2,Control
2,2,2,2,2,2,2,1,2,Control
1,1,2,2,1,1,1,1,2,Control
2,0,2,2,1,1,2,1,1,Control
2,1,1,2,1,1,1,2,2,Control
2,1,2,2,1,1,0,0,0,Control
1,2,2,2,2,2,2,1,2,Control
2,1,1,2,1,2,2,1,2,Control
0,0,0,0,0,0,2,1,1,Control
0,0,0,0,0,0,1,1,2,Control
0,0,0,0,0,0,1,1,2,Control
2,1,1,2,1,2,2,1,2,Control
0,0,0,0,0,0,1,2,2,Control
2,2,2,2,1,1,1,1,2,Control
2,1,1,2,2,2,1,1,2,Control
2,2,2,2,1,1,1,2,2,Control
2,1,2,2,1,1,1,2,1,Control
2,2,2,2,2,2,2,1,2,Control
1,1,1,2,2,2,2,2,1,Control
1,2,2,2,2,2,2,1,2,Control
2,1,1,2,1,2,1,1,2,Control
2,2,2,2,2,2,2,2,1,Control
2,1,1,2,1,1,2,1,1,Control
1,2,2,2,1,1,2,1,2,Control
2,1,1,2,1,2,2,1,1,Control
2,1,2,2,1,1,1,2,1,Control
1,2,2,2,2,1,1,1,2,Control
2,1,1,2,1,1,1,1,2,Control
0,0,0,0,0,0,2,1,2,Control
0,0,0,0,0,0,1,2,1,Control
0,0,0,0,0,0,1,1,2,Control
0,0,0,0,0,0,2,2,1,Control
0,0,0,0,0,0,1,2,2,Control
0,0,0,0,0,0,2,1,2,Control
0,0,0,0,0,0,2,1,1,Control
0,0,0,0,0,0,2,1,0,Control
0,0,0,0,0,0,2,1,2,Control
0,0,0,0,0,0,2,1,2,Control
0,0,0,0,0,0,0,0,1,Control
0,0,0,0,0,0,0,0,1,Control
0,0,0,0,0,0,1,2,1,Control
0,0,0,0,0,0,0,0,1,Control
0,0,0,0,0,0,1,2,1,Control
0,0,0,0,0,0,2,1,2,Control
0,0,0,0,0,0,1,1,2,Control
0,0,0,0,0,0,1,2,2,Control
0,0,0,0,0,0,1,2,2,Control
0,0,0,0,0,0,1,2,0,Control
0,0,0,0,0,0,1,1,1,Control
0,0,0,0,0,0,1,2,2,Control
0,0,0,0,0,0,1,2,2,Control
0,0,0,0,0,0,1,1,2,Control
0,0,0,0,0,0,1,2,1,Control
0,0,0,0,0,0,1,2,1,Control
2,1,2,1,1,1,0,0,1,Control
2,1,1,2,2,1,2,2,1,Control
2,2,2,2,2,1,2,1,2,Control
1,1,1,2,2,2,1,1,2,Control
2,1,2,2,1,1,2,2,2,Control
2,2,2,1,1,1,2,2,2,Control
2,1,2,2,1,1,2,1,1,Control
1,1,1,2,2,2,1,2,1,Control
2,1,1,2,1,1,2,2,2,Control
2,1,1,2,2,2,1,1,1,Control
1,2,2,2,1,1,1,1,2,Control
1,1,2,2,1,2,1,0,2,Control
2,1,1,2,1,1,2,1,1,Control
2,1,2,2,1,2,2,1,2,Control
2,2,2,2,2,2,1,1,2,Control
1,2,2,2,2,2,1,1,2,Control
2,2,2,2,2,2,0,0,1,Control
1,1,2,2,1,1,2,2,1,Control
2,1,1,2,1,1,2,1,1,Control
2,1,1,2,1,1,1,1,1,Control
1,2,2,2,2,2,1,2,1,Control
2,2,2,2,1,1,2,1,2,Control
2,1,1,2,1,1,1,1,1,Control
1,1,1,2,1,2,1,1,2,Control
2,1,1,2,2,1,1,1,1,Control
2,1,1,2,1,1,0,0,1,Control
2,1,2,2,1,1,2,1,2,Control
2,1,2,2,1,1,2,1,1,Control
2,1,2,2,1,1,1,1,2,Control
2,1,2,2,1,1,2,1,1,Control
2,1,2,2,2,2,2,1,1,Control
2,1,2,2,1,1,1,1,2,Control
2,1,2,2,1,1,2,1,1,Control
2,1,2,2,1,1,1,1,2,Control
2,2,2,1,1,1,2,1,1,Control
2,2,2,2,2,2,1,1,2,Control
2,1,2,2,1,1,2,1,1,Control
1,1,1,2,2,2,2,1,1,Control
2,1,2,2,1,1,1,2,1,Control
2,1,1,2,1,2,1,2,2,Control
1,2,2,2,2,2,1,0,1,Control
2,1,2,2,2,2,2,1,2,Control
2,1,1,2,1,2,2,1,1,Control
1,2,2,2,2,2,1,1,2,Control
2,2,2,2,1,1,2,1,1,Control
2,1,2,2,1,1,2,1,1,Control
2,2,2,0,0,0,2,1,2,Control
2,1,2,2,1,2,1,1,1,Control
2,2,2,2,2,2,1,1,2,Control
0,0,0,0,0,0,2,2,1,Control
0,0,0,0,0,0,2,1,1,Control
0,0,0,0,0,0,1,1,2,Control
0,0,0,0,0,0,1,2,1,Control
0,0,0,0,0,0,1,1,2,Control
0,0,0,0,0,0,1,1,1,Control
0,0,0,0,0,0,1,0,1,Control
0,0,0,0,0,0,1,0,1,Control
0,0,0,0,0,0,1,1,2,Control
0,0,0,0,0,0,2,1,1,Control
0,0,0,0,0,0,1,1,1,Control
0,0,0,0,0,0,1,2,2,Control
0,0,0,0,0,0,2,1,1,Control
0,0,0,0,0,0,2,1,1,Control
2,1,1,2,1,1,1,1,2,PD+
2,2,2,2,2,2,1,1,2,PD+
2,1,1,2,1,1,2,1,1,PD+
1,2,2,2,2,2,2,1,2,PD+
2,1,2,2,1,1,2,1,1,PD+
2,2,2,2,1,1,1,1,2,PD+
2,1,2,2,1,1,1,1,1,PD+
2,1,2,2,1,1,2,1,1,PD+
1,1,2,2,1,2,2,1,1,PD+
0,0,0,0,0,0,2,1,2,PD+
0,0,0,0,0,0,2,2,2,PD+
2,1,2,2,1,2,1,2,1,PD+
2,1,2,2,1,1,2,1,1,PD+
2,1,1,2,1,2,1,1,1,PD+
1,2,2,2,2,2,1,2,1,PD+
2,1,2,2,1,1,1,1,1,PD+
2,1,2,2,1,2,2,1,2,PD+
1,2,2,2,2,2,2,2,1,PD+
1,1,1,2,2,2,2,2,2,PD+
1,1,2,2,1,2,2,1,2,PD+
2,1,1,2,2,2,2,1,1,PD+
1,2,2,2,2,2,1,1,2,PD+
2,1,2,1,1,1,1,1,1,PD+
2,2,2,2,1,1,2,1,1,PD+
1,1,2,2,1,1,2,1,1,PD+
2,2,1,2,1,2,1,2,2,PD+
2,1,1,2,2,2,1,2,2,PD+
1,2,2,2,2,2,1,2,1,PD+
2,2,2,2,1,1,1,1,1,PD+
1,2,2,2,2,2,2,1,2,PD+
2,2,2,2,2,2,2,1,1,PD+
2,1,2,2,1,2,1,1,2,PD+
1,2,2,2,2,2,2,1,2,PD+
2,2,2,2,1,2,2,1,1,PD+
1,1,1,2,2,1,2,1,1,PD+
2,1,2,2,1,1,1,1,2,PD+
2,1,1,2,1,1,2,2,1,PD+
1,1,1,2,2,2,1,2,1,PD+
2,1,1,2,1,2,2,1,2,PD+
2,1,2,2,1,1,2,1,2,PD+
2,2,2,2,1,1,0,1,1,PD+
1,2,1,2,1,2,2,1,1,PD+
2,2,2,2,2,2,2,2,1,PD+
1,1,2,2,2,1,2,2,1,PD+
1,1,1,2,1,1,1,1,1,PD+
2,2,1,2,1,1,2,2,1,PD+
2,1,2,1,1,1,1,2,1,PD+
2,1,2,1,1,1,2,1,1,PD+
2,2,2,2,2,2,2,1,1,PD+
1,1,1,2,2,2,2,1,1,PD+
1,2,2,2,2,2,1,1,2,PD+
2,1,2,2,1,2,1,1,1,PD+
2,1,1,2,1,1,1,1,2,PD+
2,2,2,2,1,1,1,0,1,PD+
1,2,2,2,2,2,2,2,2,PD+
2,1,1,2,1,2,2,1,1,PD+
1,1,1,2,1,2,1,1,2,PD+
2,1,1,2,1,1,1,1,1,PD+
2,0,2,2,1,2,1,1,1,PD+
1,2,2,2,2,2,1,1,1,PD+
1,2,2,1,1,1,2,1,1,PD+
2,2,2,2,2,2,2,1,1,PD+
2,1,2,2,1,1,2,1,1,PD+
1,1,1,2,2,2,1,2,2,PD+
2,1,2,2,1,1,2,2,1,PD+
2,2,2,2,2,1,1,1,1,PD+
1,1,2,2,1,1,1,1,2,PD+
2,1,1,2,2,2,2,1,1,PD+
2,1,2,2,1,1,1,1,2,PD+
2,1,2,2,1,1,1,2,2,PD+
1,2,2,2,2,2,1,1,1,PD+
2,2,2,2,1,2,1,2,1,PD+
2,1,2,2,1,1,2,1,2,PD+
2,2,2,1,1,1,2,1,2,PD+
2,1,1,2,1,1,2,1,2,PD+
1,2,2,2,1,1,1,1,2,PD+
2,1,2,2,1,1,1,1,2,PD+
2,1,1,2,2,2,1,0,2,PD+
2,2,2,2,1,1,2,1,1,PD+
1,2,2,2,1,2,1,2,1,PD+
2,1,1,1,1,1,2,1,1,PD+
1,1,2,1,1,1,1,2,2,PD+
2,2,2,2,2,2,1,1,2,PD+
2,1,1,2,1,2,1,1,1,PD+
2,1,2,2,1,1,1,1,2,PD+
1,1,2,2,1,2,2,1,1,PD+
2,1,1,2,2,2,2,1,2,PD+
2,1,2,2,1,2,1,1,2,PD+
2,1,2,1,1,1,2,2,1,PD+
1,2,2,2,2,2,1,1,2,PD+
2,2,2,2,2,1,1,2,2,PD+
2,2,2,2,2,2,2,2,1,PD+
1,2,2,2,1,1,1,1,2,PD+
2,1,2,2,1,1,2,1,1,PD+
2,1,2,2,1,1,1,2,1,PD+
2,1,2,2,1,1,2,1,2,PD+
2,2,2,2,1,1,1,2,2,PD+
2,1,1,2,1,2,2,1,1,PD+
2,1,2,2,1,1,1,1,1,PD+
2,1,1,2,2,2,1,1,2,PD+
2,1,2,2,1,2,1,1,1,PD+
1,2,2,2,2,2,1,2,2,PD+
2,1,1,2,1,2,2,1,2,PD+
2,2,2,2,2,2,1,1,1,PD+
1,2,2,2,1,1,1,2,1,PD+
1,1,2,2,1,2,2,1,1,PD+
1,1,1,2,2,2,1,1,2,PD+
1,2,2,2,1,1,1,1,2,PD+
2,1,2,2,1,1,2,0,1,PD+
0,0,0,0,0,0,0,0,1,PD+
2,2,2,2,2,2,2,1,1,PD+
2,2,2,2,2,2,1,1,2,PD+
2,1,1,2,1,2,1,1,2,PD+
2,2,2,2,2,2,2,1,2,PD+
1,2,2,2,1,1,1,1,2,PD+
1,2,2,2,2,2,2,1,2,PD+
2,2,2,2,1,1,2,1,1,PD+
1,2,2,2,2,2,1,1,2,PD+
2,1,1,2,1,1,1,2,2,PD+
2,1,2,2,1,1,1,1,2,PD+
2,1,1,2,2,2,2,1,2,PD+
1,1,2,2,1,1,1,1,2,PD+
1,1,1,2,1,2,1,1,2,PD+
1,1,1,2,2,2,2,1,1,PD+
2,1,2,2,1,1,1,1,2,PD+
2,1,1,2,1,1,1,2,1,PD+
2,1,2,2,1,1,2,1,2,PD+
1,2,2,2,2,2,0,0,2,PD+
2,1,2,2,1,2,1,2,1,PD+
2,1,1,2,2,2,1,0,2,PD+
2,1,1,2,1,2,1,1,1,PD+
2,2,2,2,2,2,2,1,2,PD+
1,2,1,2,1,2,2,1,2,PD+
2,1,1,2,2,2,1,2,1,PD+
2,1,2,2,1,1,2,2,2,PD+
2,2,1,2,1,2,2,2,0,PD+
2,2,2,2,1,1,2,0,2,PD+
1,2,2,2,1,1,2,1,2,PD+
2,2,2,2,1,1,1,1,2,PD+
2,1,2,2,1,2,2,1,1,PD+
1,2,2,2,2,2,1,1,2,PD+
2,1,2,2,1,1,2,2,1,PD+
2,1,1,2,1,2,2,1,2,PD+
1,2,2,2,2,2,1,1,1,PD+
2,1,2,2,1,1,1,1,2,PD+
2,1,1,2,2,2,2,1,1,PD+
1,1,1,2,2,2,2,2,2,PD+
2,1,1,2,1,2,1,1,1,PD+
2,1,1,2,2,2,2,1,1,PD+
1,2,2,2,1,2,1,1,1,PD+
1,1,2,2,1,1,1,1,2,PD+
2,1,1,2,1,1,2,0,2,PD+
2,1,2,2,2,2,2,2,2,PD+
2,2,2,2,1,1,1,1,2,PD+
1,2,2,2,2,2,2,1,2,PD+
2,2,2,2,2,1,0,0,2,PD+
2,1,2,2,1,1,2,1,1,PD+
2,1,2,2,2,2,1,1,2,PD+
2,1,2,2,1,1,2,2,1,PD+
0,0,1,0,2,2,1,2,2,PD+
2,2,2,2,2,2,2,2,1,PD+
2,1,2,2,1,2,1,1,1,PD+
2,1,2,2,2,2,1,2,2,PD+
1,2,2,2,2,2,1,1,2,PD+
1,2,2,2,2,2,2,1,1,PD+
1,1,2,2,1,1,2,1,1,PD+
2,2,2,1,1,1,2,2,1,PD+
2,1,2,2,1,1,2,1,2,PD+
2,1,2,2,1,2,1,1,2,PD+
2,1,1,2,2,2,1,1,1,PD+
1,2,2,2,2,2,1,1,1,PD+
2,1,1,2,1,1,2,1,2,PD+
2,1,2,2,1,2,2,2,1,PD+
2,1,2,2,1,2,1,2,1,PD+
1,2,2,2,2,2,1,1,2,PD+
2,1,2,2,1,2,1,2,1,PD+
2,2,2,2,2,2,1,1,1,PD+
2,1,2,2,1,2,2,1,2,PD+
1,1,1,2,2,2,2,1,2,PD+
2,2,2,2,1,1,1,1,1,PD+
2,2,2,2,1,1,1,1,2,PD+
2,2,1,2,2,2,2,1,2,PD+
2,1,1,2,2,2,2,1,1,PD+
1,1,2,2,1,2,1,2,1,PD+
2,1,1,2,1,1,2,1,2,PD+
1,2,2,2,2,2,1,1,1,PD+
2,1,1,2,1,2,1,1,1,PD+
2,1,1,2,1,2,1,1,2,PD+
2,2,1,2,1,2,1,1,2,PD+
1,2,2,2,2,2,2,1,1,PD+
2,2,2,2,1,1,2,1,2,PD+
2,2,2,2,1,1,1,2,1,PD+
1,2,2,2,2,2,1,1,2,PD+
1,2,2,2,2,1,1,1,1,PD+
1,2,1,2,1,2,2,1,2,PD+
1,2,2,1,1,1,1,1,2,PD+
2,2,2,2,1,1,2,1,1,PD+
2,2,2,2,1,1,2,1,2,PD+
2,2,2,2,2,1,2,1,1,PD+
1,2,2,2,2,2,1,1,1,PD+
2,2,2,2,1,1,2,1,1,PD+
2,2,1,2,1,1,2,0,2,PD+
2,2,2,1,1,1,1,2,2,PD+
2,1,1,2,1,1,1,2,1,PD+
2,2,2,2,2,2,1,1,2,PD+
1,2,2,2,1,2,2,1,2,PD+
2,1,1,2,1,2,2,2,1,PD+
2,2,2,1,1,1,1,2,1,PD+
1,1,1,2,2,2,2,1,1,PD+
2,1,2,2,1,1,1,1,2,PD+
1,1,2,2,1,1,1,2,2,PD+
2,2,2,2,2,2,1,2,2,PD+
2,1,1,2,1,2,1,1,2,PD+
1,2,2,1,1,1,1,1,2,PD+
2,1,1,2,1,1,2,2,1,PD+
2,2,2,2,1,1,1,1,2,PD+
2,1,2,2,1,2,1,1,1,PD+
2,2,2,2,1,1,2,1,1,PD+
2,1,1,2,2,2,1,1,1,PD+
1,1,2,2,1,1,1,2,2,PD+
1,2,2,2,2,2,2,1,1,PD+
2,1,2,2,1,1,1,1,1,PD+
1,2,1,2,1,2,2,1,1,PD+
2,1,2,2,2,2,2,1,2,PD+
2,1,2,2,1,1,1,2,2,PD+
2,2,2,2,2,2,2,1,1,PD-
1,2,2,1,1,1,2,1,1,PD-
2,2,2,2,2,2,2,1,1,PD-
2,2,2,2,2,2,2,1,2,PD-
2,1,2,2,1,1,2,1,1,PD-
1,2,2,2,2,2,1,2,2,PD-
2,1,1,2,1,1,2,1,2,PD-
1,2,2,2,2,2,2,1,2,PD-
2,1,2,2,2,2,2,1,1,PD-
2,2,2,2,2,2,2,1,1,PD-
1,2,2,2,1,2,2,1,2,PD-
2,2,2,2,2,2,1,1,2,PD-
2,1,2,2,2,2,1,2,1,PD-
2,1,1,2,1,2,1,2,1,PD-
0,2,0,0,0,0,1,0,1,PD-
1,2,2,2,2,2,2,1,1,PD-
2,1,1,2,1,2,1,2,1,PD-
2,2,2,2,1,1,2,2,1,PD-
1,2,2,2,2,2,1,2,2,PD-
2,1,2,2,1,2,1,2,1,PD-
1,1,2,2,1,1,1,1,1,PD-
2,1,1,2,1,2,2,1,2,PD-
1,2,2,2,2,2,2,1,1,PD-
2,1,1,2,1,1,2,1,2,PD-
2,1,1,1,1,1,2,1,2,PD-
2,2,1,0,1,2,1,1,1,PD-
2,1,1,2,2,2,0,1,1,PD-
1,2,2,2,2,2,1,1,2,PD-
2,1,2,2,1,1,2,1,1,PD-
2,2,2,2,1,1,2,1,1,PD-
2,2,2,2,2,2,2,1,1,PD-
1,1,2,2,1,1,1,2,1,PD-
2,1,2,1,1,1,1,1,2,PD-
1,2,2,2,2,2,1,1,2,PD-
2,1,1,2,1,1,1,1,2,PD-
1,1,2,2,1,1,2,1,2,PD-
2,1,1,2,1,2,2,1,2,PD-
2,1,2,2,1,1,1,1,1,PD-
2,2,2,2,1,1,2,1,1,PD-
2,2,1,2,1,2,2,1,2,PD-
1,2,2,2,2,2,2,1,2,PD-
1,2,2,2,2,2,1,1,2,PD-
2,2,2,2,2,2,2,0,2,PD-
2,2,2,2,2,2,1,1,2,PD-
2,2,2,2,1,1,1,1,2,PD-
2,1,1,2,1,2,1,1,2,PD-
2,2,2,2,1,1,1,2,2,PD-
2,1,2,2,1,1,1,1,2,PD-
2,2,1,2,1,1,2,1,2,PD-
2,1,1,2,1,1,1,1,1,PD-
2,1,2,2,1,1,2,1,2,PD-
2,2,2,2,1,1,2,2,1,PD-
2,1,1,2,1,2,2,1,2,PD-
2,1,2,2,1,2,1,1,2,PD-
1,2,2,2,2,2,2,1,2,PD-
2,1,1,1,1,1,2,1,1,PD-
2,1,1,1,1,1,2,0,1,PD-
2,1,2,2,1,1,2,1,2,PD-
2,1,1,2,1,2,1,1,2,PD-
1,2,2,2,2,2,2,2,2,PD-
2,1,1,2,2,2,1,2,1,PD-
1,2,2,0,0,2,2,1,2,PD-
2,1,2,2,1,1,2,1,1,PD-
2,2,2,2,2,2,1,1,1,PD-
1,2,2,0,0,0,1,1,1,PD-
2,1,1,2,1,2,1,2,1,PD-
2,1,1,2,1,1,1,2,2,PD-
2,1,2,2,1,2,1,1,2,PD-
2,1,2,2,1,1,2,1,2,PD-
2,2,2,2,1,1,1,1,2,PD-
2,2,2,2,2,1,1,1,2,PD-
2,1,1,1,1,1,2,1,1,PD-
2,1,2,1,1,1,1,1,2,PD-
1,2,2,2,2,2,2,1,2,PD-
1,2,1,2,1,1,1,2,1,PD-
2,1,2,2,1,1,2,1,2,PD-
2,2,2,2,1,1,2,1,2,PD-
1,2,2,2,2,2,2,1,1,PD-
2,1,1,2,2,2,1,1,2,PD-
2,1,1,2,1,1,2,1,1,PD-
2,1,1,2,1,2,1,1,1,PD-
2,1,1,2,2,2,1,2,1,PD-
2,2,1,2,2,2,2,2,2,PD-
2,1,1,2,1,1,2,0,2,PD-
1,2,2,2,2,2,1,1,2,PD-
2,1,2,2,1,1,1,2,1,PD-
1,2,2,2,1,2,2,1,2,PD-
1,2,2,2,2,2,2,1,1,PD-
2,2,2,2,1,1,2,2,2,PD-
2,1,2,2,1,1,2,1,1,PD-
2,2,2,2,2,1,1,0,1,PD-
2,2,2,2,1,1,2,1,2,PD-
1,2,2,1,1,1,1,1,2,PD-
2,2,2,2,1,1,1,1,2,PD-
2,2,2,2,1,1,1,2,1,PD-
2,1,2,1,1,1,1,0,2,PD-
1,2,2,2,1,1,1,1,2,PD-
2,1,2,2,1,1,2,0,1,PD-
2,1,1,2,2,2,2,1,2,PD-
2,2,2,2,1,1,0,1,2,PD-
2,1,2,2,1,1,1,1,2,PD-
2,1,2,2,1,2,2,1,1,PD-
1,1,2,2,1,1,2,1,1,PD-
2,1,1,2,1,1,1,0,1,PD-
2,1,2,2,1,1,1,1,2,PD-
2,2,2,2,2,2,2,1,2,PD-
2,2,2,2,2,2,2,1,1,PD-
1,1,1,2,2,2,1,1,2,PD-
1,2,2,2,2,2,2,1,2,PD-
1,1,1,2,1,2,2,1,1,PD-
2,1,2,2,2,2,1,1,2,PD-
0,0,0,0,0,0,0,0,1,PD-
2,1,2,2,1,1,1,1,2,PD-
1,1,2,2,1,1,1,2,2,PD-
2,1,1,2,2,2,1,2,1,PD-
2,2,2,2,2,2,2,1,2,PD-
2,1,2,2,1,2,2,1,1,PD-
2,1,2,2,1,1,1,1,1,PD-
2,1,1,2,2,2,2,1,1,PD-
2,1,1,2,2,1,2,1,1,PD-
2,1,2,2,1,2,2,1,2,PD-
1,1,2,2,1,2,0,0,1,PD-
2,2,2,2,1,1,1,2,1,PD-
2,2,2,2,2,2,0,1,2,PD-
2,1,2,2,1,1,1,1,1,PD-
2,1,2,2,1,2,2,1,1,PD-
2,1,1,2,1,2,1,1,2,PD-
1,2,2,2,1,2,1,1,2,PD-
2,1,1,1,1,1,2,1,2,PD-
2,1,1,2,1,1,1,1,2,PD-
1,2,2,2,1,1,2,1,1,PD-
2,1,2,2,1,1,1,1,2,PD-
2,1,2,1,1,1,1,1,1,PD-
2,2,2,2,2,2,1,1,1,PD-
2,1,2,2,1,1,1,1,1,PD-
2,1,2,1,1,1,1,1,1,PD-
2,1,1,2,1,2,2,1,2,PD-
2,1,2,2,1,2,2,1,1,PD-
1,2,2,2,1,1,2,1,2,PD-
2,2,2,2,1,1,2,1,2,PD-
2,1,1,1,1,1,1,1,2,PD-
2,2,1,2,1,2,2,1,1,PD-
2,1,2,2,1,1,2,1,2,PD-
2,1,2,2,1,1,1,2,2,PD-
1,1,1,2,2,2,1,1,2,PD-
1,1,2,2,1,1,2,1,2,PD-
1,1,2,2,1,1,2,1,1,PD-
2,2,1,2,1,1,1,1,1,PD-
1,1,2,2,1,1,1,2,2,PD-
2,1,2,2,1,1,1,1,1,PD-
2,2,2,2,1,2,2,2,2,PD-
2,1,2,2,1,1,2,1,2,PD-
1,2,2,2,1,1,1,1,21,PD-
2,1,2,2,1,1,1,1,1,PD-
2,1,1,1,1,1,2,2,1,PD-
2,2,2,2,2,2,2,1,2,PD-
1,2,2,2,1,1,2,1,1,PD-
2,2,2,2,2,2,2,1,2,PD-
2,2,2,2,2,2,1,1,2,PD-
2,1,1,2,1,2,2,1,2,PD-
2,2,1,2,1,2,2,1,2,PD-
2,1,1,2,1,2,2,1,1,PD-
2,1,1,2,1,1,1,1,2,PD-
2,1,2,2,1,1,1,1,2,PD-
2,1,2,2,1,1,2,2,1,PD-
2,1,1,2,1,1,1,1,1,PD-
1,2,2,2,1,1,1,1,2,PD-
2,1,2,2,1,1,2,1,2,PD-
1,1,1,2,2,1,1,2,2,PD-
2,2,2,2,2,2,2,1,2,PD-
2,2,2,2,2,2,1,1,2,PD-
1,2,2,2,2,2,0,1,2,PD-
2,2,2,2,2,2,1,1,2,PD-
2,2,2,2,2,2,2,1,1,PD-
2,1,1,2,1,1,1,1,2,PD-
2,1,1,2,2,2,1,2,2,PD-
1,1,2,2,1,1,1,2,2,PD-
1,1,2,2,1,1,1,0,1,PD-
2,1,1,1,1,1,0,1,2,PD-
2,1,2,2,2,1,1,1,1,PD-
2,2,2,2,1,1,2,2,1,PD-
2,1,2,2,1,1,1,1,1,PD-
2,2,2,1,1,1,2,1,2,PD-
2,2,1,2,1,2,2,2,1,PD-
2,1,1,2,2,2,2,1,2,PD-
2,1,2,2,1,1,2,1,2,PD-
1,0,0,0,0,0,1,1,0,PD-
2,1,2,1,1,1,1,1,0,PD-
2,2,2,2,1,2,1,1,2,PD-
1,1,2,2,1,1,1,1,2,PD-
2,2,1,2,1,2,2,1,2,PD-
1,1,2,2,2,2,2,1,2,PD-
1,1,1,2,2,2,2,1,2,PD-
2,1,1,2,1,2,1,1,2,PD-
2,1,2,2,1,2,1,1,2,PD-
1,1,2,2,1,2,2,2,1,PD-
2,2,2,2,1,1,1,1,2,PD-
2,1,2,2,1,1,2,1,2,PD-
1,2,2,1,1,1,1,1,0,PD-
2,1,2,2,1,1,1,1,1,PD-
2,1,1,2,2,2,1,2,2,PD-
2,2,2,1,1,1,2,1,1,PD-
2,2,2,2,2,2,2,1,2,PD-
1,1,1,2,1,2,2,1,1,PD-
2,1,2,2,1,1,1,2,2,PD-
1,2,2,2,2,2,1,1,2,PD-
2,1,1,2,1,1,2,1,0,PD-
2,2,2,2,2,2,0,1,2,PD-
2,1,2,2,1,1,1,2,2,PD-
1,2,2,1,1,1,2,1,2,PD-
2,1,2,2,1,1,2,0,0,PD-
1,1,2,2,1,1,2,2,1,PD-
2,1,1,2,1,2,2,2,2,PD-
2,1,2,2,1,1,0,0,0,PD-
2,1,1,1,2,1,0,0,1,PD-
2,1,2,2,1,2,2,1,1,PD-
2,1,1,1,1,1,2,1,2,PD-
1,1,1,2,2,2,2,1,1,PD-
2,2,2,2,1,1,0,1,1,PD-
0,2,2,2,2,2,1,1,2,PD-
1,2,2,2,2,2,1,1,2,PD-
2,1,2,2,1,1,2,2,1,PD-
2,1,1,2,1,1,2,0,1,PD-
1,1,2,2,1,1,2,1,2,PD-
1,1,1,2,2,2,2,1,2,PD-
0,2,2,2,1,1,0,0,1,PD-
2,2,2,2,1,2,0,2,2,PD-
2,1,2,2,1,2,1,1,1,PD-
2,2,2,1,1,1,0,1,2,PD-
2,1,2,2,1,2,1,1,2,PD-
1,2,2,2,2,2,2,2,2,PD-
2,1,1,2,1,1,1,1,1,PD-
0,0,0,0,0,0,0,0,1,PD-
0,0,0,0,0,0,0,0,1,PD-
0,0,0,0,0,0,0,0,1,PD-
2,1,1,2,1,1,2,1,1,PD-
1,2,2,2,2,2,1,1,2,PD-
1,2,2,2,1,1,2,1,2,PD-
2,1,2,1,1,1,2,1,1,PD-
2,1,1,2,1,1,0,1,1,PD-
1,2,2,2,2,2,1,1,2,PD-
1,1,2,2,1,2,2,2,1,PD-
1,1,1,2,2,1,1,1,2,PD-
1,2,2,2,2,2,1,2,2,PD-
2,1,2,2,1,1,1,1,1,PD-
2,2,2,2,1,1,1,1,2,PD-
1,1,2,2,1,1,1,1,2,PD-
2,2,2,2,2,2,2,2,2,PD-
2,2,2,2,1,2,2,1,2,PD-
0,0,0,0,0,0,2,1,1,PD-
1,2,2,2,2,2,2,1,1,PD-
2,1,1,2,2,2,1,1,1,PD-
2,1,1,2,2,2,2,2,1,PD-
2,1,1,2,1,1,1,2,2,PD-
2,1,1,2,1,1,1,1,2,PD-
2,1,2,2,1,1,2,1,2,PD-
2,2,2,2,1,1,2,1,1,PD-
1,1,2,1,1,2,2,1,1,PD-
2,1,2,2,1,1,2,1,1,PD-
2,2,2,2,2,2,1,1,2,PD-
2,2,2,2,1,1,2,1,1,PD-
2,1,2,2,1,1,2,1,2,PD-
2,2,2,2,2,2,1,1,2,PD-
1,1,2,2,2,2,1,1,2,PD-
2,1,2,1,1,1,2,1,2,PD-
2,2,2,2,2,1,2,1,1,PD-
2,1,2,1,1,1,2,1,1,PD-
2,1,1,1,1,1,2,1,2,PD-
1,1,2,2,1,1,2,1,1,PD-
2,1,1,1,1,1,1,1,1,PD-
2,2,2,2,1,1,0,1,2,PD-
1,2,2,2,2,2,1,1,1,PD-
2,1,1,2,1,1,2,2,2,PD-
2,1,1,2,1,2,2,1,1,PD-
2,2,2,2,1,1,2,1,1,PD-
2,1,2,2,1,1,1,2,1,PD-
2,1,1,1,1,1,2,1,1,PD-
1,1,1,2,2,2,2,1,1,PD-
2,1,2,2,1,1,1,2,2,PD-
1,1,2,2,1,1,1,1,2,PD-
2,1,2,2,1,1,2,1,2,PD-
1,2,2,2,2,2,1,1,2,PD-
1,2,2,2,2,1,1,2,2,PD-
2,2,2,2,1,1,1,1,1,PD-
2,2,2,2,2,2,1,1,2,PD-
2,1,2,2,1,2,1,2,2,PD-
1,2,2,2,2,2,2,1,1,PD-
2,2,2,2,2,2,2,0,2,PD-
1,2,1,2,2,1,1,2,1,PD-
1,2,2,2,2,2,2,1,2,PD-
1,1,2,2,1,2,2,1,1,PD-
1,2,2,2,2,2,2,1,2,PD-
2,2,2,2,1,1,1,2,1,PD-
2,1,2,1,1,1,2,1,1,PD-
2,1,1,2,1,2,2,1,1,PD-
2,2,2,2,2,2,1,1,2,PD-
2,2,2,2,1,1,1,1,2,PD-
2,1,1,2,1,1,2,2,1,PD-
2,2,2,2,2,1,1,0,2,PD-
1,1,2,2,1,1,2,1,2,PD-
2,2,2,2,1,1,1,1,1,PD-
2,2,2,2,2,2,2,1,2,PD-
1,2,2,2,2,2,1,1,2,PD-
1,1,2,2,1,1,1,2,1,PD-
2,1,2,1,1,1,1,1,1,PD-
1,2,2,2,2,2,1,2,1,PD-
1,2,2,2,2,2,1,1,2,PD-
2,1,2,2,1,2,2,2,2,PD-
2,1,2,2,1,1,1,1,2,PD-
2,2,2,2,1,1,2,1,1,PD-
2,1,1,2,1,1,2,1,1,PD-
2,1,2,2,1,1,2,1,1,PD-
1,1,2,2,2,2,2,1,1,PD-
2,1,1,2,1,1,2,1,1,PD-
2,1,2,2,1,2,1,2,1,PD-
2,1,2,2,1,1,1,2,2,PD-
2,2,2,1,1,1,1,2,2,PD-
2,1,2,2,1,1,2,1,1,PD-
2,1,1,2,1,2,2,1,2,PD-
2,2,2,2,2,2,0,1,2,PD-
2,2,2,2,2,2,2,1,1,PD-
2,1,1,1,1,1,1,1,1,PD-
2,1,2,2,1,1,2,1,1,PD-
1,2,2,2,2,2,2,1,2,PD-
2,1,2,2,1,2,0,2,1,PD-
2,1,1,2,2,1,1,2,2,PD-
2,1,1,2,1,2,2,1,1,PD-
1,2,2,2,2,2,1,1,1,PD-
2,1,2,2,2,2,1,2,2,PD-
2,1,2,2,1,2,2,1,2,PD-
2,1,1,2,1,2,1,1,2,PD-
2,1,2,2,1,1,1,1,2,PD-
1,2,2,2,2,2,1,1,2,PD-
2,1,2,2,1,1,1,2,1,PD-
2,2,2,2,1,1,1,1,2,PD-
2,1,1,2,1,2,2,1,1,PD-
2,2,1,2,1,1,1,1,2,PD-
2,2,2,2,1,2,1,1,0,PD-
2,1,1,2,1,1,1,1,1,PD-
1,2,2,2,2,2,2,1,2,PD-
2,1,2,1,1,1,1,2,1,PD-
2,1,1,2,2,2,1,1,1,PD-
2,2,2,1,1,1,2,1,1,PD-
2,2,2,2,1,1,2,1,2,PD-
2,2,2,2,1,1,2,2,1,PD-
1,1,2,2,1,2,1,2,1,PD-
2,1,1,1,1,1,1,1,2,PD-
2,1,1,1,1,1,1,1,2,PD-
2,1,2,2,1,1,1,1,2,PD-
2,1,2,2,1,1,1,1,2,PD-
2,1,1,2,2,2,1,1,2,PD-
2,1,2,2,1,2,1,1,2,PD-